Teklif_Ref,YP-ELM-40-2026
Tarih,02.10.2026
Gecerlilik_Gun,15
Isveren,Yakup Polat ve Ortaklari
Proje,Elmalik Mah. 4273 Ada 2 Parsel A+B 40 daire
Teklif_Veren,ABDURRAHMAN BARIŞ ÖKER
VKN,6530560679
,, 
Sira,Kalem,Aciklama,Tutar_TL_KDV_Dahil
1,Genel mobilya 40 daire,"MDF lak mutfak banyo WC ebeveyn camasir Hafele; tezgah haric; daire basi 289375",11575000
2,Kapi imalatlari ve montaj koordinasyonu,"284 camsiz + 40 camli PP lake; Werner kol; kapi cami haric",6995225
3,Mimari danismanlik 40 daire,"Olcu onay malzeme secimi santiye kontrolu; NACE 711101; daire basi 15000",600000
,GENEL TOPLAM,,19170225
,, 
Odeme_Barter_Daire_TL,8000000
Odeme_Kalan_TL,11170225
Odeme_Nakit_50_TL,5585112.5
Odeme_Cek_50_TL,5585112.5
