Kaynak,Resa Mutfak TEKLİF FORMU,30.09.2026,Müşteri: YAKUP POLAT,KDV dahil
Bölüm,Sira,Imalat,Marka,Aciklama,Adet,Birim_TL,Toplam_TL
Genel mobilya,1,Mutfak,Hafele Concept,MDF gövde lak panel kapak,1,190000,190000
Genel mobilya,2,Genel banyo,Hafele Concept,MDF gövde lak panel kapak,1,28700,28700
Genel mobilya,3,WC,Hafele Concept,MDF gövde lak panel kapak,1,5300,5300
Genel mobilya,4,Ebeveyn banyo,Hafele Concept,MDF gövde lak panel kapak,1,5300,5300
Genel mobilya,5,Teleskopik ray,Hafele,Çamaşır dolabı,1,2200,2200
Genel mobilya,,1 daire alt toplam,,,,,231500
Genel mobilya,,40 daire toplam,,,40,,9260000
Kapı,1,Kapı 80-90/210 camsız,,PP poliüretan lake özel tasarım,284,15500,4402000
Kapı,2,Kapı 125/210 camlı,,PP poliüretan lake özel tasarım,40,17500,700000
Kapı,3,Kapı kasası,,Yan 10x12 üst 10x10 (belgede 0 TL),,,0
Kapı,4,Kapı kolu oda,Hafele Werner M..902.99.574,,164,870,142680
Kapı,5,Kapı kolu WC,Hafele Werner M..902.99.576,,120,1000,120000
Kapı,,Kapı bölüm toplam (40 daire),,,,,5364680
,,Kalem alt toplam (mobilya+kapı),,,,,14624680
,,Belge GENEL TOPLAM,,,,,14856180
,,Fark (kontrol),,,,,231500
Not,Hariç mobilya,Tezgah; özel iç aksesuar; dolap içi LED; WC/ebeveyn ayna; vitrifiye,,,,
Not,Hariç kapı,Kapı camları,,,,
Not,Garanti,Tüm Hafele ürünler 2 yıl,,,,
